{
  "shape": [
    483,
    5
  ],
  "dtype": "float64",
  "sample_min": -6.744330390137472,
  "sample_max": 9.929937908380811
}