{
  "shape": [
    483,
    5
  ],
  "dtype": "float64",
  "sample_min": -7.015805158741116,
  "sample_max": 9.640167233285009
}