{
  "shape": [
    483,
    5
  ],
  "dtype": "float64",
  "sample_min": -5.916314290307717,
  "sample_max": 8.054508964412772
}