{
  "shape": [
    483,
    5
  ],
  "dtype": "float64",
  "sample_min": -6.818458078272921,
  "sample_max": 8.803936675476512
}