{
  "shape": [
    483,
    5
  ],
  "dtype": "float64",
  "sample_min": -7.42900007448706,
  "sample_max": 9.557660359898762
}