{
  "shape": [
    483,
    5
  ],
  "dtype": "float64",
  "sample_min": -7.329447579169394,
  "sample_max": 9.384376740836473
}