{
  "shape": [
    483,
    5
  ],
  "dtype": "float64",
  "sample_min": -8.272959986928825,
  "sample_max": 7.924648658434792
}