{
  "shape": [
    483,
    5
  ],
  "dtype": "float64",
  "sample_min": -6.137140297226678,
  "sample_max": 7.95412325856655
}