{
  "shape": [
    483,
    5
  ],
  "dtype": "float64",
  "sample_min": -8.438391423948712,
  "sample_max": 8.415263597949712
}