{
  "shape": [
    483,
    5
  ],
  "dtype": "float64",
  "sample_min": -8.09652977124209,
  "sample_max": 9.805676379693715
}