{
  "shape": [
    483,
    5
  ],
  "dtype": "float64",
  "sample_min": -8.521954599886795,
  "sample_max": 10.96216908141715
}