{
  "shape": [
    483,
    5
  ],
  "dtype": "float64",
  "sample_min": -8.400157246150906,
  "sample_max": 13.566489442199735
}